{
    "root_group": {
        "name": "",
        "path": "",
        "id": "d41d8cd98f00b204e9800998ecf8427e",
        "groups": {},
        "checks": {
                "status is 200": {
                    "name": "status is 200",
                    "path": "::status is 200",
                    "id": "6210a8cd14cd70477eba5c5e4cb3fb5f",
                    "passes": 300,
                    "fails": 0
                },
                "body has ok=true": {
                    "fails": 0,
                    "name": "body has ok=true",
                    "path": "::body has ok=true",
                    "id": "e1295d4496bdeb7b252dceef45ee7aac",
                    "passes": 300
                }
            }
    },
    "metrics": {
        "http_req_duration{expected_response:true}": {
            "avg": 5.23638866666667,
            "min": 1.0571,
            "med": 4.04505,
            "max": 20.2204,
            "p(90)": 10.212310000000002,
            "p(95)": 13.163440000000001
        },
        "http_req_sending": {
            "max": 2.0199,
            "p(90)": 0.39202000000000004,
            "p(95)": 0.539855,
            "avg": 0.08983999999999998,
            "min": 0,
            "med": 0
        },
        "http_req_connecting": {
            "max": 3.9831,
            "p(90)": 1.266080000000001,
            "p(95)": 1.869855,
            "avg": 0.5392223333333331,
            "min": 0,
            "med": 0.5114
        },
        "http_req_waiting": {
            "p(95)": 12.4812,
            "avg": 4.747366666666667,
            "min": 0.8983,
            "med": 3.5602,
            "max": 18.7273,
            "p(90)": 9.135750000000003
        },
        "vus_max": {
            "value": 10,
            "min": 10,
            "max": 10
        },
        "http_req_tls_handshaking": {
            "max": 0,
            "p(90)": 0,
            "p(95)": 0,
            "avg": 0,
            "min": 0,
            "med": 0
        },
        "data_sent": {
            "rate": 794.2585537823873,
            "count": 24000
        },
        "data_received": {
            "count": 53400,
            "rate": 1767.2252821658117
        },
        "http_req_receiving": {
            "max": 7.4626,
            "p(90)": 1.0962200000000006,
            "p(95)": 1.6198649999999999,
            "avg": 0.3991819999999999,
            "min": 0,
            "med": 0
        },
        "http_req_failed": {
            "passes": 0,
            "fails": 300,
            "thresholds": {
                "rate<0.01": false
            },
            "value": 0
        },
        "http_req_blocked": {
            "avg": 1.0963299999999998,
            "min": 0,
            "med": 0.5165,
            "max": 15.5344,
            "p(90)": 1.8701100000000002,
            "p(95)": 2.834725000000004
        },
        "http_req_duration": {
            "p(90)": 10.212310000000002,
            "p(95)": 13.163440000000001,
            "avg": 5.23638866666667,
            "min": 1.0571,
            "med": 4.04505,
            "max": 20.2204,
            "thresholds": {
                "p(95)<300": false
            }
        },
        "http_reqs": {
            "count": 300,
            "rate": 9.928231922279842
        },
        "vus": {
            "value": 10,
            "min": 10,
            "max": 10
        },
        "iterations": {
            "count": 300,
            "rate": 9.928231922279842
        },
        "iteration_duration": {
            "p(90)": 1012.4339200000001,
            "p(95)": 1017.2543000000001,
            "avg": 1006.9874303333329,
            "min": 1001.5098,
            "med": 1005.16655,
            "max": 1035.5285
        },
        "checks": {
            "fails": 0,
            "passes": 600,
            "thresholds": {
                "rate>0.99": false
            },
            "value": 1
        }
    }
}